{"cameraMode":{"drawMode":0,"name":"Shaded","section":"Shading Mode"},"sceneLighting":false,"audioPlay":false,"sceneViewState":{"showFog":false,"showMaterialUpdate":false,"showSkybox":false,"showFlares":false,"showImageEffects":false,"showParticleSystems":false},"in2DMode":false,"pivot":{"x":-61.246986389160159,"y":0.13013839721679688,"z":0.0},"rotation":{"x":0.3558943569660187,"y":0.30101561546325686,"z":-0.12226139008998871,"w":0.8762311935424805},"size":626.8241577148438,"orthographic":false}